{
  "v": [
    [
      0.697760283946991,
      0.22370187938213348,
      -0.6805058121681213
    ],
    [
      0.9517379999160767,
      -0.046890437602996826,
      0.30327507853507996
    ],
    [
      0.5438984036445618,
      -0.7625819444656372,
      -0.3501738905906677
    ],
    [
      -0.18435683846473694,
      -0.2861555516719818,
      -0.9402790665626526
    ],
    [
      -0.22658786177635193,
      0.7239903211593628,
      -0.6515169143676758
    ],
    [
      0.47555527091026306,
      0.8718538880348206,
      0.117036372423172
    ],
    [
      0.22658786177635193,
      -0.7239903211593628,
      0.6515169143676758
    ],
    [
      -0.47555527091026306,
      -0.8718538880348206,
      -0.117036372423172
    ],
    [
      -0.9517379999160767,
      0.046890437602996826,
      -0.30327507853507996
    ],
    [
      -0.5438984036445618,
      0.7625819444656372,
      0.3501738905906677
    ],
    [
      0.18435683846473694,
      0.2861555814743042,
      0.9402790665626526
    ],
    [
      -0.697760283946991,
      -0.2237018495798111,
      0.6805058121681213
    ]
  ],
  "e": [
    [
      2,
      0
    ],
    [
      0,
      1
    ],
    [
      1,
      2
    ],
    [
      5,
      1
    ],
    [
      0,
      5
    ],
    [
      3,
      0
    ],
    [
      2,
      3
    ],
    [
      4,
      0
    ],
    [
      3,
      4
    ],
    [
      4,
      5
    ],
    [
      10,
      1
    ],
    [
      5,
      10
    ],
    [
      6,
      2
    ],
    [
      1,
      6
    ],
    [
      7,
      3
    ],
    [
      2,
      7
    ],
    [
      8,
      4
    ],
    [
      3,
      8
    ],
    [
      9,
      5
    ],
    [
      4,
      9
    ],
    [
      10,
      6
    ],
    [
      6,
      7
    ],
    [
      7,
      8
    ],
    [
      8,
      9
    ],
    [
      9,
      10
    ],
    [
      11,
      6
    ],
    [
      10,
      11
    ],
    [
      11,
      7
    ],
    [
      11,
      8
    ],
    [
      11,
      9
    ]
  ]
}